Country Name,Country Code,Access to electricity (% of population),"Compulsory education, duration (years)","Employment to population ratio, 15+, total (%) (modeled ILO estimate)","GDP per capita, PPP (current international $)",Individuals using the Internet (% of population),"Industry (including construction), value added per worker (constant 2015 US$)","Inflation, GDP deflator (annual %)",Land area (sq. km),Merchandise exports by the reporting economy (current US$),Military expenditure (% of GDP),Net migration,Population ages 15-64 (% of total population),Proportion of seats held by women in national parliaments (%),Renewable energy consumption (% of total final energy consumption),Urban population (% of total population),"Vulnerable employment, total (% of total employment) (modeled ILO estimate)",happiness_score,social_support,healthy_life_expectancy_at_birth,freedom_to_make_life_choices,generosity,perceptions_of_corruption,positive_affect,negative_affect,cluster
Afghanistan,AFG,0.2957985442527655,-0.2578068833060054,-1.060651708222638,-0.8065411434806119,-1.2762692173132837,-0.766852439534212,-0.3642454669101537,-0.0682552821223046,-0.3976776862382579,-0.3300610758842259,0.8124291084024732,-1.776570151742864,0.5834531001467524,-0.5083679614686121,-1.5818811205746512,1.8193293963198351,-0.9661684131443352,-0.9011000564192864,-0.1123245982211763,-0.8592644266951085,0.5806752256583955,0.7728519612146189,-0.5175584988006464,1.175556893586566,3
Angola,AGO,-1.690515115437884,-1.5929751631644735,0.6573454670810539,-0.4897279832782518,-0.7802693404046468,0.5566382448920222,-0.0270258968663358,0.2337705616614214,-0.1890410558240344,1.5085712291298627,0.2926375058221176,-1.6148742440067427,1.389156837856644,0.4701321696728901,0.1550053261048255,1.0717387673269303,-0.6083292621332154,0.0604988325600787,-0.1122167461125943,-1.4703026491828426,-0.0967445826715786,0.6394756182668271,-0.0198889968069371,1.1106507125270764,3
Albania,ALB,0.658516690804971,-0.2578068833060054,-1.0266823703704908,-0.3945125412363511,0.3572291901687021,-0.4648906845529317,-0.2801536484884582,-0.3857057976594815,-0.3900627532029969,-0.3038352497501249,-0.0770499960171061,0.7096116878603598,-0.0987061678601844,0.1634895229419264,-0.2051788148205004,0.7143782573730361,-0.0591755047833192,-0.481187877825677,-0.110054173063591,0.1712925754110699,-0.2615534142545421,0.8161091535220109,-0.1261873370386032,0.8046644303894832,0
United Arab Emirates,ARE,0.658516690804971,1.0773613965524629,1.6728367045431616,3.169398285185108,1.6039372770629878,1.4631188437388707,-0.5008945623598515,-0.3635442633417764,0.4246730284391198,2.0196429144944195,1.2517803350449392,2.585202095154897,-0.3198749930343078,-1.1629983308942649,1.120575254125478,-1.3894389984925686,-2.649984849542232,0.4741123533980351,-0.1105215322007797,1.0308540097513816,0.491346788072165,-1.144883570308619,0.5599237291989695,0.1092404187841092,2
Argentina,ARG,0.658516690804971,1.5224174898386191,-0.0795471223455055,-0.0014532543394402,0.7163916307144245,-0.01089603527945,3.4462330314330614,0.990773416270256,-0.1628690320716029,-0.5571091377293473,0.0186419336576771,0.0915307274056872,1.3677205951620168,-0.8287923001874843,1.447543505783866,-0.6449536954539942,0.9415885064029,0.7449556836676616,-0.1103224206157053,0.2168924427609008,-1.1675872541608838,0.7115709387791469,0.8208342395707853,-0.0947497928634421,4
Armenia,ARM,0.6481533151891938,1.0773613965524629,-0.4436116228640975,-0.4562173453456585,0.3683770397656405,-0.5098798006514266,-0.1970897744747145,-0.3851621745113855,-0.3937809761394671,1.100298500011157,-0.0563074653701467,0.836168439241181,-0.922602249424854,-0.9218187211058664,0.2312374434585176,0.3190203967625985,-0.2537235974264129,-0.0066871160148987,-0.1104634579884663,-0.8729443869000577,-1.5121353341252672,-2.363582862353347,-2.892311737003444,1.4444539294044507,0
Australia,AUS,0.658516690804971,0.6323053032663069,0.3983605644883917,1.286710154488392,1.3829142367271583,2.33138671631802,-0.2826855835640348,3.503435170900824,0.4382613761451341,-0.0735487466915149,0.6950377287839826,0.4260867143323843,0.4320990125577116,-0.8460194151723699,1.236793278828289,-1.0268548290071673,1.2746375957475866,0.7701504143832781,-0.109805283582248,1.0285700815878909,1.9142039055205464,-0.7735926637746435,-2.891200436173749,-0.0298436118039526,2
Austria,AUT,0.658516690804971,0.1872492099801507,0.0569144682890429,1.3448619264050397,1.2791646401995185,1.370108300892321,-0.2261066403444281,-0.3577015846472874,0.2393851133336158,-0.623859772324941,0.2572836874404522,0.5483927324361888,0.9841750745224048,0.0635722560295899,0.3665178551520574,-1.0162144560297908,-2.6497638946447704,0.6651723697348759,-0.1098357034077455,0.8552905856585334,0.6317193856531189,-0.3229969105726439,0.5889105881562411,-2.299983655917496,2
Azerbaijan,AZE,0.658516690804971,-0.2578068833060054,0.3007926137533542,-0.0911734284773538,1.0721005862548991,0.1215032597669258,-0.5462637871864965,-0.357628932207869,-0.3208768478795606,1.4310118987010283,0.002214239112417,1.100663107173478,-0.4902837599717452,-1.0940898709547224,-0.2097163682862978,0.742538336016353,0.1768689954318471,0.2452601911412667,-0.11086997747466,0.1621726019411037,-1.4419496141325223,-0.0093822663440522,-0.4692410714226164,-2.2995200403385,1
Burundi,BDI,-2.554129750085992,-0.2578068833060054,1.804540918623478,-0.8765019006246769,-1.4820143853343992,-0.7541646560038935,0.0900760507979648,-0.3865796591685703,-0.3986577838339691,0.2106065152214824,-0.0253763539927231,-1.712523493375921,0.8280965281075727,1.9792274423488687,-2.0509924447981485,1.875481440971844,-1.0879630639402886,-0.7373343067677787,-0.1121752645323704,-1.2149433920237895,-0.4465884942354146,0.5457517016008111,0.1105680571137438,0.0257902576756097,3
Belgium,BEL,0.658516690804971,1.0773613965524629,-0.5899218175933714,1.1952578069508992,1.4174905285996948,1.3883146582495134,-0.3380097131122579,-0.3842156605628783,1.2725652986776528,-0.5094345084137595,0.1288720772299602,0.2260113309414712,1.6116660801530334,-0.8529102611663241,1.203558698247643,-0.9778157226932028,1.040748753068632,0.854132850102,-0.109899308497422,0.7458509040189393,-0.114801454269712,-0.5212590419815237,0.7000406711257101,0.0350625692555368,2
Benin,BEN,-1.6179714861274426,-1.5929751631644735,1.302929811764986,-0.7857446296518812,-1.310804067365757,-0.7658564177284467,-0.4424129144495586,-0.342337879975866,-0.3956847989963085,-0.6529088916490433,0.0112405978606493,-1.415966513880171,-1.1219450698705862,0.5907219745670893,-0.6309036967565063,1.749542064463646,-0.8497629061889107,-0.985082492138008,-0.112084005055878,0.3582520315453766,-0.701809294209032,0.715175704804763,-0.1986634781056482,0.2297811124340052,3
Burkina Faso,BFA,-2.132685808377716,0.1872492099801507,1.6216740408985268,-0.8328057368955595,-1.310804067365757,-0.7589163619970913,-0.4781617209327762,-0.2606216676957266,-0.3898292528974721,-0.3439414473859616,-0.0640985282989409,-1.6541661944587418,-0.1104237215117911,1.551994990723706,-1.528222278552431,1.6568007391790038,-0.7775483787258233,0.0059102493429095,-0.1122333387446838,-3.1770600842196632,-0.114801454269712,0.5205183394214992,0.0235966878332898,0.072151815575245,3
Bangladesh,BGD,-0.6403597197057841,-2.0380312564506298,-0.1475692607963657,-0.7250192637434676,-1.1070484520561648,-0.7251030213046779,0.1252412270648095,-0.3334925724914267,-0.3145234393172956,-0.4174224038223178,-3.095751089244354,-0.0014231587550763,-0.1139591902859816,0.0532359870386584,-1.3563448595223655,0.819655612358555,-0.1551022651447338,-0.6869448453365455,-0.1108063723849835,0.175852562146053,-0.8102781341978195,0.4772611471141072,-0.5344702216142743,-0.1596559739229315,3
Bulgaria,BGR,0.5168838907226815,0.1872492099801507,-0.6906613526978971,-0.1231056978921631,0.3983394756711664,-0.4940236749128531,-0.2900010337698169,-0.3444717278468968,-0.2966330217896938,-0.3237946662169415,-0.0091052462414763,0.4218979418926613,-0.0987061678601844,-0.5772764214081545,0.6220581782011724,-1.1232555038598595,-0.2618073131872063,0.6105837865177067,-0.1104634579884663,-0.5537453154512414,-0.0960427254716511,1.0756523073663626,-0.2759713619104963,-0.1132944160232962,0
Bahrain,BHR,0.658516690804971,-0.2578068833060054,1.191757433339777,1.6220505519830564,1.6074978201033976,0.3482378666840747,-0.5568398459715366,-0.3992349012208333,-0.3150129488663604,1.357205213744123,0.1405047361718802,1.9298832863904207,-1.2045502937308012,-1.1664437538912422,1.8353112625555172,-1.373554037143062,0.6688978280721369,0.5748931722336427,-0.1104358036016504,0.8119744031206344,0.1244680824203074,-0.4743994802408668,0.3908116015403672,0.5867665615488534,2
Bosnia and Herzegovina,BIH,0.6550622322663788,-0.2578068833060054,-1.6515679539061858,-0.4216404703470348,0.2058871167837487,-0.5628512728138778,-0.3226642087767706,-0.3736139930569739,-0.378495902025398,-0.4772331224947638,-0.1256858542376314,0.7513619818476167,0.0276760179535976,-0.3533239266046416,-0.5478401262031952,-0.6697853558265695,0.1752522522796885,0.1990698514959697,-0.1102920007902078,-1.3015831399884683,1.3782402255759498,1.1513523939042984,-0.5223902415384495,0.1277856850548074,0
Belarus,BLR,0.5479740175700131,-0.2578068833060054,0.3567961166987864,-0.0224180601345233,0.520105903471182,-0.5115550596709566,1.3268142936945466,-0.2965043518831763,-0.2713396955805041,-0.4683111021974118,0.0506030381690547,0.93979817251813,0.4856665078292455,-0.9356004130937752,0.7688283497424485,-1.1315847499784226,0.4786610505014663,-3.1061428886500466,-0.1106321497480433,-0.229986257267442,-0.4274469342373933,0.0915511823731956,-0.1165238515629972,-0.363646828681327,4
Belize,BLZ,0.3648877150246142,-0.7028629765921616,0.1821085881372521,-0.4677050534689398,-0.1815144706498808,-0.4791259998983726,-0.3104828217725947,-0.3880377885471079,-0.3978833293882844,-0.5283370911176931,0.0035469667147967,-0.0023548217828964,-1.5915957377855172,0.1221444469782009,-0.6806245689492441,-0.5050641844355611,0.5562647218050827,0.0688970761319509,-0.1105685446583668,0.8051307315737194,-0.0892793742723503,0.4520277849347952,0.6565549864854832,0.3132319166533488,1
Bolivia,BOL,0.3130708369457277,1.9674735831247752,0.8572387451053609,-0.5078579280332791,-0.3230521001049374,-0.6471797145644043,-0.2220047283265791,0.150753718297987,-0.3529041036306698,-0.0062322945452023,-0.0396953463786043,-0.2831021380078894,2.8275275190589886,-0.6496303043446741,0.3945550146648726,1.073555339329255,0.5072235128562695,0.3376408704318607,-0.1109142244935655,0.8370506387186011,0.0128089457170966,0.632266086215595,0.8208342395707853,1.3888200599248883,2
Brazil,BRA,0.6481533151891938,1.9674735831247752,0.3036303471365802,-0.1721491143749278,0.3658974375318731,-0.4093100081198487,0.3341977267767201,3.8468017768906857,0.3901842876313649,-0.3126333512874931,-0.5086240785569125,0.8636759549283619,-0.9885550083268329,0.2702976358482172,1.1786902158024224,-0.4491740311378501,1.108651965459296,0.6609732479489397,-0.1106321497480433,0.075532853976425,-0.8485612541938621,-2.3643398632187265,0.5744153599428321,0.2390534240139322,2
Bhutan,BTN,0.3614332564860219,-0.2578068833060054,0.4078753175968559,-0.4754709091576831,-0.4716072110906564,-0.2868517561037654,0.130368454244904,-0.3802609291752347,-0.3974155827830813,-0.3126333512874931,5.334135503379268e-05,0.5133649741971916,-1.1151416197242408,1.6622485266269735,-1.0435953791518806,1.2849296349489523,0.0081887932232922,-3.1061428886500466,-0.1109252862482918,0.6227312621743958,1.6079389455522055,-2.364556149180264,0.8498246959976032,0.7026690030102856,3
Botswana,BWA,-0.7232667246320024,-0.2578068833060054,-0.4677323566215192,-0.2105773064121631,-0.2490404629574818,0.3520443526248215,0.5025623252399049,-0.1116943280682877,-0.368542129098908,0.1641338487320249,-0.0324645162017243,-0.1908185654184881,-1.02550886382794,-0.277524620671145,0.2619893786629428,-0.3448578838251308,-0.4811454674967331,0.4972074982974322,-0.1123163019051315,0.4266518325701229,-0.7145703342077129,0.3114419099357713,0.1298950280649558,-0.0298436118039526,5
Central African Republic,CAF,-2.3814068231563708,0.1872492099801507,1.0927706159131254,-0.8776868587656118,-1.4247690725389188,-0.788084314597263,0.7224884014788957,-0.083116008366983,-0.399063927300756,0.0655403998040753,-0.6071658878827376,-1.95987078496115,-0.1104237215117911,2.099817247243068,-0.886279291924058,1.6031277644851063,-0.7802416928799024,-1.4847764228096691,-0.1136326626262155,-0.3348683487412061,0.1404189865999951,0.6394744078417919,-0.2324846063344265,0.2668672515898858,3
Canada,CAN,0.658516690804971,0.1872492099801507,0.4430965966474852,1.2237276110809907,1.4906629688908752,1.7001485554419935,-0.2323952458086898,4.155422226713931,1.3049751220198305,-0.496645253728969,0.6696602290342302,0.6654889810395903,0.3508356787478056,-0.4015598485623214,0.9883799499111582,-1.0111594184689272,1.28272131150838,0.7449556836676616,-0.1097333821765266,1.1015298693476203,1.601558425552865,-0.7735926637746435,0.9271325798024512,0.0999687503150262,2
Switzerland,CHE,0.658516690804971,0.6323053032663069,0.7206102289776819,2.047284407581889,1.369697749612077,3.456760484142404,-0.4813026112868177,-0.3795527817837511,0.7167318572153449,-0.6886097422102445,0.2703221478219581,0.5620458920735059,0.8744366629059585,-0.4015598485623214,0.6966946991283471,-0.996910804285906,1.3845761300943764,0.9171196768910412,-0.1096504190160789,1.147129736697451,0.2488881856926927,-1.346750461847587,0.9126373515890422,-0.5490930602798683,2
Chile,CHL,0.658516690804971,1.0773613965524629,0.1537312543049911,0.1415444434198518,0.5924115190260453,0.0137885148715415,0.1429046480387361,-0.0228080008166321,-0.131383460662643,0.0317206935896184,0.181868007737122,0.7662809973482904,-0.4673208764837263,-0.2361795447074196,1.2634442756955468,-0.6539959861336703,1.03482069484405,0.5098048636552405,-0.1099850370965513,0.1621726019411037,1.250629825589141,0.3655134003200113,-2.890910531609481,0.2575980471737863,5
China,CHN,0.658516690804971,-0.2578068833060054,0.863748839337468,-0.3067295055813436,0.1362061498328732,-0.3576713068978149,-0.3139572088763665,4.370138636500332,7.997449562574707,-0.0919369870803253,-1.2928664182799656,1.2146848657562122,0.2022078279575744,-0.7564384172509648,-0.159305771824856,0.0286659960697435,0.1466897899248852,-3.1063948359572024,-0.1101896795589889,0.7093697613060587,-1.492993774127246,0.4565323637466849,-2.8913453884558837,-1.2630610519342524,4
Cote d'Ivoire,CIV,-0.6576320123987462,0.1872492099801507,0.7327123272296764,-0.7202759279613374,-1.172664667155864,-0.6003206592374108,0.0042132199230809,-0.2380638473448301,-0.3537256213873672,-0.4545510047446872,-0.0815910130434913,-1.1393805636736236,-1.0321430993037293,1.3108153809353078,-0.4628021929862249,1.4200108710704669,-2.651585425262869,-0.1242625260211093,-0.1123799069948081,0.381051965220292,-0.6188625342176064,0.0518987560914196,0.0187649450954868,0.3966827208726924,3
Cameroon,CMR,-0.8338093978669604,-1.5929751631644735,1.1246533851011364,-0.7506809451145868,-0.9580340275647478,-0.6710701207391842,-0.2253900895301282,-0.1594620368383617,-0.3807109306273813,-0.4344349237794358,0.3346166854438116,-1.374638762272055,0.8842663884692518,1.4830865307841636,-0.3148580019706601,1.4201558763838464,-2.6512243526255537,0.1570786336366088,-0.112454573839211,0.4448917795100553,-0.5869599342209042,0.718780470830379,0.0235966878332898,-0.2987406476218375,3
"Congo, Dem. Rep.",COD,-2.329589945077484,-1.5929751631644735,0.546673865135237,-0.8702066370871931,-1.414408617523177,-0.6682723033719324,-0.1239298918974833,0.7521685795676654,-0.3716380581703564,-0.5508400615026458,0.1271113457239442,-1.7816683442306267,-0.9265348628894332,2.0343542103005032,-0.8261593767086527,1.6595025180261254,-0.2747412584044757,0.3418399922177968,-0.1123799069948081,-0.6449450501509032,-0.0955960890716973,0.5673802977545072,-0.3871014448799654,0.5264950829916712,3
"Congo, Rep.",COG,-1.2967068420383463,0.1872492099801507,-0.1195257779503669,-0.6429068813356059,-1.2724703838075118,-0.4311871733592448,-1.038870082158914,-0.2261244604473962,-0.3707929626979723,1.0986650347895246,-0.0766741877114742,-1.102464957771159,-1.2175602246233963,0.9731639272315498,0.1678262020364819,1.448338450670009,-0.4676726078954107,-0.2292405706695116,-0.1120176345275198,-0.1615864562426957,-0.9697911341813304,0.5457517016008111,-0.1986634781056482,-2.2978510242541126,1
Colombia,COL,0.5825186029559374,0.1872492099801507,0.4189758628900634,-0.2874327817280468,0.2974182833628238,-0.3560588652377881,-0.2041463941286057,0.1640648645410836,-0.2084805535322158,0.6487461131308896,-0.2364762305618287,0.6629361226648167,-0.1093649064227888,-0.0604629718615863,0.8033262811760881,0.2570378284011393,0.821949513143158,0.6987653440223646,-0.1101426671014019,0.4722516999199538,-0.6890482542103512,0.8305282176244748,1.0914118328877531,0.2761426703336405,0
Comoros,COM,-0.3156406170780953,-1.5929751631644735,-1.116738673914636,-0.7732834455271862,-1.276959914314333,-0.7541653509605848,-0.3385241935242959,-0.3986811168923991,-0.3990732019280366,-0.3126333512874931,-0.0107998633233534,-1.0824169587925512,-1.5999733447996884,1.1764438840532,-1.318667952325391,0.7764179992023102,-0.5851570199961499,-0.4559920539437925,-0.1116083511900038,-0.8638207503308531,-0.1849872746296511,0.304230949606684,0.129895500958195,-0.3358320853328371,3
Costa Rica,CRI,0.6377899395734167,1.5224174898386191,0.2218368555024171,-0.1457292963943048,0.312333885100487,-0.0891552356347022,0.176871265748057,-0.3736851213193416,-0.3588497220693188,-0.3126333512874931,0.0040097676837693,0.7291662515092898,1.0808608997351372,0.1290352929721552,0.6852646170969608,-0.4000620862877484,1.2520031916173653,0.7281591965239173,-0.109899308497422,1.0468100285278232,-0.0765183342736694,0.4736563810884912,0.9561230362292692,-2.298870978527905,2
Cuba,CUB,0.6136087298032695,-0.2578068833060054,-0.1815385986485128,-0.328418516427207,-0.514078169685188,-0.3139621683709156,-0.0863528977446598,-0.3467783157836777,-0.3878686164938528,0.8800300278358559,-0.1387103957930028,0.8133468195792369,2.4541313828424425,-0.3671056185925502,0.7915343512791845,-0.7136679492435727,0.2663301260862931,-3.1057649658346507,-0.1101537251941947,-1.898939594331183,-0.165845582349033,0.4565354397390613,-0.0150613393037297,0.2668704839538542,4
Cyprus,CYP,0.658516690804971,0.1872492099801507,-0.1638444963766329,0.3976581911522409,0.8762430911523073,-0.293719137119301,-0.5470372342254625,-0.3949321494066049,-0.3890632902209887,-0.1978107874443076,0.0388416300853905,1.166777372497565,-0.7622126433825546,-0.8391285691784157,0.3533385722562213,-0.872579235073506,0.3789618894516814,-3.1066047920465,-0.1096780734028948,0.0800928407114081,0.2552687056920332,0.7620376631377709,0.2990060238880609,1.3795477483449614,4
Czechia,CZE,0.658516690804971,-0.2578068833060054,-0.0356457176520665,0.6167676555647127,1.045567460959584,-0.0486199480106069,-0.1589491798079069,-0.3603942974369215,0.2281663234591494,-0.5133041145314865,0.020413104283294,0.5465824541682783,-0.1429399328950091,-0.6565211503386282,0.6227390199389722,-0.8591969607428165,0.8408115165850092,0.576990812230218,-0.110128839907994,-3.176649685413515,-1.1931093341582455,0.8665758778806348,0.1878759409185919,-0.1225667276032232,0
Germany,DEU,0.658516690804971,1.5224174898386191,0.1080771319336777,1.325428323226333,1.4586733372872691,1.0593237971919345,-0.2368561011855727,-0.2223648237222467,4.939278193572907,-0.4221501990198727,2.0596429227182624,0.3427798532612437,1.356591711890942,-0.6840845343144453,0.9597365012859403,-1.1711912396683624,1.1102687086114549,0.8289381193863835,-0.1098661232332429,0.9191303999482968,0.4339232656735654,-0.6582401509549316,0.6758819574366951,-0.5583653718597954,2
Djibouti,DJI,-0.7612657685565192,0.1872492099801507,-2.663720681505674,-0.7247468957369397,-0.930920716788551,-0.0655091859183633,-0.2910606308976393,-0.3878498067108505,-0.3898331546954526,-0.3126333512874931,0.0050919564157278,-0.2919935876753953,-0.7421063865485458,-0.1534893927799687,0.5231343069775833,-0.1856122377613334,0.0173533643362672,-0.4517938847128102,-0.1120397643437728,0.2624850734524407,-0.3285489556264919,-0.2527056859959358,-2.8912004364386763,-0.6232702336847895,5
Denmark,DNK,0.658516690804971,0.1872492099801507,0.084540637402214,1.3226673649907426,1.7971079608314968,1.9206708647879067,-0.320902028463898,-0.3793042540463892,-0.0010058074986575,-0.4102015552134552,0.0932746793909408,0.1458548356297183,1.5915673116828322,-0.1259260088041517,1.2800787306330033,-1.162180417186489,1.3926598458551698,0.9045223115332331,-0.109838468846427,1.1152098295525696,0.6317193856531189,-1.5125696990259228,-2.891007166464237,-0.1411113507630774,2
Dominican Republic,DOM,0.6066998127260845,2.4125296764109314,-0.0456612472399231,-0.2823293087180917,0.1942246979210283,-0.2630464251836402,-0.0141647651327359,-0.3750822836158498,-0.36566531089519,-0.6796667596063811,-0.1286784018565519,0.2046793091650599,-0.0310260902112698,-0.5703855754142002,0.6720327725288888,0.1842234449558314,0.2496224372789875,0.6315793954473872,-0.1107842488755308,0.9464903203581952,-0.2424118542565207,-2.3641596249174457,0.8353294677841943,-2.2987782554121057,2
Algeria,DZA,0.634335481034824,0.1872492099801507,-1.4873967314119003,-0.2249962856638945,-0.499235091132635,-0.3777858795738916,-0.2794874078176727,0.8104378682173122,-0.1846563988257238,1.6526276267788929,-0.106133383225173,0.413285834421812,0.9276703714760072,-1.1629983308942649,0.4625955631904468,-0.3858308417294869,0.7712915610421862,0.3250435050740525,-0.1104440999176952,-0.5993479507775908,-0.963411973781022,0.066318444448613,-0.1986634781056482,-0.660360799238993,0
Ecuador,ECU,0.6239721054190467,2.4125296764109314,0.3642243011431134,-0.358309229091888,0.056444460151681,-0.2877126838909963,-0.2216724975322897,-0.2734450772825876,-0.3071552949711238,0.434915048021823,0.0063898869527712,0.076070201987489,1.8127090803599768,-0.7461021482600334,0.164026340325292,0.2119500963121329,0.5508755779645537,0.3796320882912217,-0.1102698772807551,0.0983327876513404,-0.0967445826715786,0.0158510958352596,1.168719716692601,0.5357673945715984,2
"Egypt, Arab Rep.",EGY,0.6516077737277861,-0.2578068833060054,-1.1906032046250794,-0.4319567930519745,-0.347468239092036,-0.3918853125435486,0.6604920086894269,0.1061207336622605,-0.3065132811367577,-0.1182770849834885,-0.3244397320254232,-0.2191100816822901,-0.1104237215117911,-0.9803909120544776,-0.7483501620034172,-0.6650954722016019,-0.0209125835155639,-0.5105817303272298,-0.11099165677665,-0.5446253419812752,-0.8932248941892451,0.3330705060894673,-0.5900346398676914,0.7304859377500668,0
Spain,ESP,0.658516690804971,0.1872492099801507,-0.9763543341915106,0.6642190157006314,1.113083092812169,0.839488201385911,-0.4398132540929961,-0.1454904138732795,0.7177007342290275,-0.3580443648389781,-0.342078364444386,0.4607138144917082,1.6453679963700445,-0.5703855754142002,0.8941022297673469,-0.9171789973369392,0.8257219138315283,0.8709293372457444,-0.1096725425255316,0.1849725356160191,-0.2998365342505846,0.7115709387791469,0.405304364119727,0.8046644303894832,2
Estonia,EST,0.658516690804971,-0.2578068833060054,0.0428092641194776,0.4610085722987431,1.3912544030148308,-0.1303912666117011,-0.1445743000964967,-0.3775412892577043,-0.3420949858696665,-0.0070759371024024,-0.0038648082018318,0.2989243419414492,-0.1871736979298338,-0.2947517356560306,0.4048961097394982,-1.1210396363250892,0.3406989681839261,0.7407565618817256,-0.1101509634174467,0.3445720713404273,-1.0910210141687986,-0.0165917983952842,-2.891780245302286,-0.4192806981608893,0
Ethiopia,ETH,-1.8563291252903205,-0.7028629765921616,1.807128263767007,-0.8410458217037632,-1.2520948222765524,-0.7648117073425494,0.6349868599035332,0.1737374445227609,-0.390873489796521,-0.6164206695520976,0.3573148111626702,-1.3881663990181328,0.5902731339619507,1.9826728653458463,-1.814688285775286,1.9024165907288704,-0.2246222206875568,-3.1071506778786717,-0.1115862260931918,-0.0156668807232368,-0.0951494526717435,0.1636465028855155,0.2168663973454099,0.5079504598318172,3
Finland,FIN,0.658516690804971,-0.2578068833060054,-0.2024877480364469,1.0273398922470205,1.470301221299937,1.5017832843510854,-0.2608451031190158,-0.2452325600734596,-0.1338796915007946,-0.2428635238651606,0.053860043484531,0.0688110619663929,1.8918132587069256,0.2530705208633316,0.5275524058523877,-1.0317164473671794,1.3263733766166643,0.8877258243894888,-0.1098108144596111,1.0741699489377217,-0.1275624942683929,-1.4116362503086748,0.8063390113573762,-0.4563699444805976,2
France,FRA,0.658516690804971,0.1872492099801507,-0.5042055768706313,0.9653608485689869,1.3743185125490978,1.0115881111861649,-0.3638760368913661,-0.1258082075581054,1.6716773484894687,-0.0264470420550404,0.1806153133850158,-0.025703501174598,0.4471246935747381,-0.7116479182902622,0.8144414214572155,-1.1314563991418247,0.83164997205611,0.576990812230218,-0.1096559498934421,0.48137167338992,-0.8740833341912239,-0.0021727342928202,0.7725168121927551,-0.2987406476218375,2
Gabon,GAB,0.2128915393265469,0.1872492099801507,-1.3233924344107466,-0.2175564355406658,-0.2032299843628761,1.4507270800753267,-0.5003249024432879,-0.2687150478351361,-0.3492605457781356,-0.4128939407961447,0.0561218527313895,-0.5886771008139586,-0.5410438182084312,1.6346851426511568,1.277428386448901,-0.2345270211808585,-0.5420427928947098,0.3712338447193495,-0.1118351155745349,-0.4123857266667656,-1.3590028541410968,0.4520277849347952,-0.3194570465507233,0.4152273440325465,0
United Kingdom,GBR,0.658516690804971,0.6323053032663069,0.1735953879875735,1.0142685888449217,1.6458384106316533,1.3009938059304105,-0.2655132036733508,-0.2767118967613323,1.352579265673708,0.1492581888354952,1.06358736658671,0.1609593852951664,0.1326704492450508,-0.939045836090752,1.0075099889913464,-0.9286404784939368,0.9884740578155016,-3.1060169149964687,-0.1099269628842379,0.7276109570790069,-0.0934267122719216,-0.6221924906987716,-2.891200436173749,0.0257902576756097,4
Georgia,GEO,0.658516690804971,-0.2578068833060054,-0.1118472052663435,-0.3613364334512702,0.1777343070209723,-0.4335756603523312,0.0217297546587517,-0.3643215936376519,-0.388915096174344,0.2189992248629712,-0.0573583367433025,0.4996761716775155,-0.8064464084173792,-0.1086988938192661,-0.101900780553042,0.6762876653748996,-0.34264447079514,-0.7667281592693314,-0.1106929893990383,-3.1770144843523136,-1.6014626141160335,-0.8673165804406594,-0.6818377518859485,-0.4100083865809623,0
Ghana,GHA,-0.0911008120695871,0.6323053032663069,0.9420368956158818,-0.652982864594955,-0.8618510166836044,-0.6385859368454244,1.878233820235612,-0.2840228660146972,-0.3435614522854435,-0.7696662893529115,-0.0234833936384292,-0.7883593161625132,-0.902956441220634,0.4770230156668444,-0.2802868996206814,1.2926171985883312,-2.6514291400914938,-0.3762098331772748,-0.1118046957490374,-0.0931866552179493,-0.1020404142710311,0.9242521342904908,0.400472621381924,-2.298963701643704,1
Guinea,GIN,-1.6386982373589971,-1.5929751631644735,-0.2132544423433927,-0.822923564813168,-1.2969901273447677,-0.7006749503925519,-0.1676625620888032,-0.2747863530872355,-0.3921832155704188,0.1989772270193015,-0.0806514922794116,-1.4929280798354183,0.0720206445549275,1.5416587217327744,-1.1028648550341813,1.7593637058411404,-0.8147334712254728,-0.430798416394444,-0.1124518084005294,-0.0612667480730677,-0.0573767742756481,0.1744608009623635,0.2120346546076069,0.9530214156683164,3
"Gambia, The",GMB,-0.9650788223334728,-0.2578068833060054,-1.0134117936665807,-0.8201025429640946,-0.9806509008641124,-0.767562744397542,0.0813889569244143,-0.3944850574717223,-0.398782225439675,-0.3898108932136033,-0.0112383063465906,-1.3942330480232157,-1.0334574289734608,0.6665212805005861,-0.0302105096785652,1.3314671885290092,-0.1742384672524982,-0.2145426266518144,-0.1116954579304822,0.002568973211796,2.38317201536228,0.3168486628342243,0.5840783462416292,1.3146425760820424,5
Greece,GRC,0.658516690804971,0.1872492099801507,-1.5464883559802556,0.3232678170023073,0.6648414600410973,0.4980737923752334,-0.6031839793730168,-0.334137807442905,-0.2771911968767304,0.2483988419206318,-0.1639452275748766,0.1800460284622146,-0.010238637790535,-0.6013943823869944,0.8126662673463322,-0.2839173896582268,-0.0904325390583869,0.3838312100771577,-0.1098329379690638,-1.497662569592741,-1.9523912140797572,-2.363546814693091,-0.0102255113313311,1.2682800093858366,0
Guatemala,GTM,0.1576202027090681,2.857585769697088,0.2508818913072015,-0.5261527731812711,-0.7098976764527221,-0.5288996631316193,-0.1442068865152499,-0.3451830104705737,-0.3604715132265564,-0.8022883783843712,-0.1421309473155596,-0.6359316787939263,-0.6922225088337839,1.1144262701076115,-0.2767029680858989,0.0229310134964104,0.8688350645557595,0.3922294536490299,-0.1110912125691872,0.6637711427892437,0.574294705659055,0.5313326374983471,1.0479261482475264,0.5264950829916712,3
Guyana,GUY,0.2059826222493624,-1.5929751631644735,-0.6046112609888947,-0.3905156786125399,-0.4128979660014518,-0.4353160914371109,-0.6206388419759791,-0.299615197243729,-0.3949578678034907,-0.5173396868738074,-0.0248683168388134,0.1282239447694091,0.9048061135268872,-0.3395422346167332,-1.482226387393696,-0.2687250038923143,0.5761995676535404,0.4552086140321594,-0.111779806938018,-0.0156666218284011,0.4466852557502711,0.6466842333780822,0.7821777709490972,0.4430450440881557,4
"Hong Kong SAR, China",HKG,0.658516690804971,-0.2578068833060054,0.1887856078624898,1.6321180565153777,1.2401575270652496,0.1680033161600462,-0.1451770170006708,-0.3990931527551148,1.3003900707557965,-0.3126333512874931,0.0696544314406707,1.44239235107413,-0.1104237215117911,-1.1595529078972877,1.8353112625555172,-1.176251508348764,0.2878853585467428,0.3922294536490299,-0.1106846763899672,0.6637711427892437,1.3016739855838646,-0.8420832182613474,0.0139332023576838,-0.0483882349638067,2
Honduras,HND,0.2681628759440261,1.0773613965524629,0.2950336842403364,-0.7022814420354917,-0.7237116164737113,-0.6727118483859438,0.2385085921655568,-0.3427798913205796,-0.3845821069915054,-0.3869955286574379,-0.0234172792142903,-0.328553493473156,0.4127467403549759,0.6320670505308149,-0.2437539125979811,-0.0875990497752609,0.0712417761574804,-3.106520809610781,-0.111052496427645,-0.0065469072532706,-0.0063326142809246,0.6394756182668271,0.9416278080158604,0.4708612135121089,4
Croatia,HRV,0.658516690804971,-0.7028629765921616,-1.0743395986593756,0.083214438635394,0.8499689772323855,-0.2294152121069486,-0.4063010260166629,-0.3711935999004047,-0.3496873160245165,-0.0542456640158941,-0.0471975936651073,0.4314854951412636,0.2411028880364814,-0.0087816269069295,-0.1724262397659097,-0.972447806159988,0.2463889509746701,-0.3972054421069552,-0.1101841486816258,-0.8136645593452776,0.7146661456445446,0.9422759644185708,-0.2614761336970873,0.350321162973057,0
Haiti,HTI,-1.4279762665048588,-1.5929751631644735,0.0582498722340903,-0.7668416655697601,-1.124315877082401,-0.5876237882187996,-0.2057434952029274,-0.3856245082167756,-0.3952147806149194,-1.0126730212117476,-0.1107474740887643,-0.3128680920785206,-1.4955619058020166,1.5140953377569577,-0.4738424210138698,1.4031875025946268,-0.5576713100322437,-0.7835246464130757,-0.1127421794620964,-0.8592644266951085,1.454806465568035,0.1852750990392115,-0.1261873370386032,0.7304859377500668,3
Hungary,HUN,0.658516690804971,0.6323053032663069,-0.4436116228640975,0.2927686841061818,1.0946587503091745,-0.2510773085658603,-0.0645982462177715,-0.3532611488394758,-0.0024291889806666,-0.5683924566718634,0.0387789953677851,0.6249662151098649,-0.9789358640305654,-0.6255123433658343,0.4968639054200274,-1.0987588737687386,0.1386060741640919,0.4384197932943269,-0.1103694330732923,-0.9276642277198548,-1.0782599741701178,0.715175704804763,-0.1020286233495882,-0.0947497928634421,0
Indonesia,IDN,0.5548829346471981,-0.2578068833060054,0.6552588984169172,-0.4408998506382162,-0.9259753262610368,-0.508846124417844,0.103595124303331,0.5542638426508847,0.2331041624349501,-0.6113124109151672,-0.0989095124613602,0.4769403563419475,-0.3696877914969516,-0.1569348157769458,-0.3058058057766631,0.5045008234469435,0.3627944579300947,0.6903671004504924,-0.1109722987058789,0.0983327876513404,2.4884507054611857,-2.3634026240520662,0.7628533267171492,-0.0576605465437338,2
India,IND,0.1438023685546982,-0.7028629765921616,-0.5795724370192531,-0.6681650256098967,-1.0517926919722074,-0.7091142547022234,-0.0989808148974433,1.1109293737699637,0.7293392240440371,0.3436392519620342,-0.7923280319501764,0.256770012658147,-0.8579302749035823,0.0015546420840016,-1.2195661201393715,1.5703378820590972,-0.2693521145639468,-0.5021834867553575,-0.1114341269657044,0.5087315937998186,-0.2743144542532229,0.632266086215595,0.2506885965100309,0.34104885139313,3
Ireland,IRL,0.658516690804971,0.1872492099801507,-0.140892241071128,1.5447140303707496,1.3653601724454862,4.104717687737836,-0.3937608222711506,-0.3646264290477992,0.0317307408925089,-0.7898457052827698,3.9422528899278746e-05,0.3296060498495554,-0.4824207561140886,-0.8632465301572555,0.1465438610290399,-0.9061274379243668,1.1285917976692532,0.9549117729644662,-0.1097969872662032,1.0240100948529078,1.5505142655581416,-0.9033642406968192,0.6613867292232861,-0.1782005970827856,2
"Iran, Islamic Rep.",IRN,0.658516690804971,-0.2578068833060054,-1.6320376712098652,-0.1610565477099303,-0.1589424926555843,-0.4009274801337132,0.5176465803018998,0.4278795896628519,-0.1696990449252372,0.1125290166055215,-0.1965291995557737,1.046033930110105,-1.593502365588742,-1.1354349469184482,0.6106952919972854,0.1431089924966483,-0.1303122034783008,-0.4056036856788274,-0.1104911123752822,0.3172121509305288,-0.0941923746718424,-2.3645921968405195,-2.892118467293932,2.445863580036574,5
Iraq,IRQ,0.6308810224962317,-1.5929751631644735,-1.4766300371049546,-0.2961593139667292,-1.1158444783645296,-0.0379310867269018,-0.8798035068198209,-0.1790639698288637,-0.1054350803801712,0.5635069127201973,-0.0190328489819184,-1.005983686489854,0.370603290436127,-1.131989523921471,0.4679951515074039,-0.3268749153766812,-0.2057602172457056,-0.065474821018004,-0.111146521342819,-0.2345462440024251,-0.0637572942749885,0.2501608875002994,-0.2904665901239053,2.9280237821927813,0
Iceland,ISL,0.658516690804971,0.1872492099801507,1.3497524125882168,1.2348676537637098,1.8718586437700755,1.535183976660642,-0.014485066654044,-0.3486936982774362,-0.3810495760632515,-0.3126333512874931,0.0024438997436365,0.3897828336786523,1.6425595033519629,1.5072044917630032,1.5477093381431726,-0.9597919260722088,1.3880728690592834,0.9969094689227757,-0.1096040930277301,1.0582111521263704,1.5505112775034102,0.1690560276768061,1.004435466981973,-0.8411695785480227,2
Israel,ISR,0.658516690804971,1.5224174898386191,0.4794863541500313,0.7134342215426822,1.0727153065858328,1.4253335719131146,-0.3441620126072754,-0.3886322175968951,-0.1649961565982945,2.0125722684365366,0.0865275284222352,-0.3496598808910108,0.1224626573139389,-1.0389631030030886,1.4618626194641104,-1.1075587262826243,1.3349960067615103,0.6231811518755149,-0.1096393572613526,0.0436129468315433,-0.0950856474717501,0.5817993618569711,-0.1551777934654212,0.211236489274151,2
Italy,ITA,0.658516690804971,1.0773613965524629,-1.1288407721666294,0.7996863701035266,0.4034540869639377,0.6895039109288826,-0.3320463731353013,-0.2493844183596651,1.47939852878015,-0.3417847141869828,0.1817879744868486,0.1458274872360377,0.9123513186500912,-0.5772764214081545,0.464123081098832,-0.7589750987868928,0.5945276430728379,0.6609732479489397,-0.1096697770868501,-0.3348659521720531,-0.5359157742261808,-2.363582862353347,0.2893425384124549,0.9993829735679516,2
Jamaica,JAM,0.4270679687192779,-1.5929751631644735,0.0680150135822504,-0.4807785804554552,-0.1227119814655345,-0.4814218523949231,0.2462405658716344,-0.3941243355697147,-0.3939472207734047,-0.5599839025733689,-0.0374822530232166,0.8803162700158581,-0.7446595620195288,-0.7564384172509648,-0.1991630038662227,0.0139360413308112,0.2086649440909677,0.5601943250864736,-0.1103473095638396,0.5087315937998186,-0.1339430142677333,0.736804300958459,0.5260979325648021,-2.2986855322963065,1
Jordan,JOR,0.6516077737277861,0.1872492099801507,-2.003780744412481,-0.4838056795222886,0.0774969047436687,-0.2478812998726986,-0.0880848795587369,-0.3545211352014178,-0.3738549938653797,1.240921736791577,2.2099314479056766,-0.2472140150328797,-0.8064464084173792,-1.0596356409849514,1.296070777080413,-1.0429937071546698,0.2205210605401313,0.3166452615021803,-0.1102339265778944,0.1439326550011713,-0.0963617514716182,0.1077763959425793,0.0139332023576838,0.6006735756310878,0
Japan,JPN,0.658516690804971,-0.2578068833060054,0.102902441646618,0.934453987564298,1.5592768089751294,1.0592711508006056,-0.2568515418756364,-0.2144391030584183,2.0713119022331288,-0.5140150361682775,0.2006827809644513,-0.3752865862220989,-1.1492580874372704,-0.9735000660605232,1.4411138134662176,-1.0664486472459298,0.5384805471313372,-3.106058906214328,-0.1093959986573727,0.6409712091143281,-1.0144547741767134,-0.1427586092918441,0.424631335070939,-0.5490930602798683,4
Kazakhstan,KAZ,0.658516690804971,-0.2578068833060054,0.9084014087499958,0.2070456914914011,0.7612869357826396,-0.0274304852272482,0.1350706928973604,0.9719803132346782,-0.1142626456489541,-0.4686547208739328,-0.0369081014451679,0.395561304852389,0.3628635542423316,-1.1216532549305396,-0.1682227489091424,-0.3830871628285149,-2.650292030741142,0.2284637039975223,-0.1108727429133416,0.4631317264499877,-0.0956598942716907,0.5349374035239631,0.347323451266091,-0.7345392918784096,4
Kenya,KEN,-1.5523367738941865,1.0773613965524629,1.339152643774401,-0.7536084205380074,-0.9481881418147876,-0.6635750209708566,0.3138886990614971,-0.1104699058375296,-0.3787922494241844,-0.3833634090595118,-0.2535024346308729,-1.1689223574702392,-0.1745354793484591,1.3073699579383302,-1.2392044807240543,0.8825803734286346,-0.010134295834506,0.1024900504194396,-0.1118710662773956,0.5543314611496495,0.9507453856201408,0.693547108651067,0.8691516669488153,-0.2523790897222022,3
Kyrgyz Republic,KGZ,0.6516077737277861,0.1872492099801507,0.0605033663913581,-0.7130947594403819,-0.5406769111956029,-0.7482299614725689,0.3887428802702142,-0.302180895279135,-0.3926838962626766,0.7934568683774247,-0.03437835479522,0.0404336516910281,0.1961855990386438,-0.249961236695328,-1.0880907553571455,0.1037830444389884,0.1768689954318471,0.6609732479489397,-0.1108063723849835,0.175852562146053,2.156663665495483,0.8665758778806348,0.0864093434247288,-0.5861823065995766,1
Cambodia,KHM,-0.8579906076371072,-0.2578068833060054,1.9748049216170416,-0.7182437649262711,-1.0345252669459708,-0.7388022388634758,-0.1020882002887555,-0.3099440370575517,-0.3746114919351685,-0.3499975302913961,-0.1982481745833862,0.0137295760503029,-0.0699362393822513,1.0282906951831838,-1.418391936761239,0.6982126657074128,-0.560904796336561,-0.1998467181679589,-0.1112101264324956,1.0969698826126373,1.4165233455719926,0.671918512497371,0.400472621381924,2.167694232638762,3
"Korea, Rep.",KOR,0.658516690804971,-0.2578068833060054,0.3573803559247445,0.8167781388259281,1.505747791393795,1.0610695275198456,-0.3177762417117268,-0.3501264247051283,1.621021875820322,0.2729641310754485,1.070358875501151,1.3949309526310858,-0.4230871114489016,-1.0665264869789055,1.0118370125175955,-0.657760907071803,0.4727329922768845,-0.0108862378008348,-0.1096310609453078,-0.3394259389070362,-0.3955443342406912,0.6394756182668271,-0.1165238515629972,0.3225042282332758,2
Kuwait,KWT,0.658516690804971,-0.2578068833060054,1.142264024626451,2.276716781832332,1.1998795314490502,2.37353893107537,-1.0670196980019857,-0.3905730030414992,-0.3682895640105577,0.9068563311082516,0.3495515858861451,1.759934317463557,-1.731952876838326,-1.1664437538912422,1.8353112625555172,-1.388533141709568,-2.65017885872049,0.5517906398147667,-0.1098771849879693,0.5611643933604361,-0.3317392968360669,-0.8997581692952298,0.422220639775576,0.1787850441289052,2
Lao PDR,LAO,0.0539864465512951,-2.0380312564506298,0.2522172952522489,-0.6398605446879572,-1.025546205932328,-0.2630708660328625,0.1307839225701088,-0.2823665936195638,-0.3886860497828151,-0.3126333512874931,-0.0950574773286335,-0.1813931550154409,0.3436314824880623,0.8387924303494421,-1.199957899273148,1.643031685470783,0.0332481966183279,-0.1746512702222316,-0.1113940215106234,0.951052251711507,0.7912313115056305,-0.0814780713847312,0.5647522909699141,0.4708577833332013,3
Lebanon,LBN,0.6481533151891938,0.1872492099801507,-1.1351839409056053,-0.1575724602769015,1.0030308861499526,-0.3769589100582679,-0.4085391233442487,-0.3944291709798619,-0.3837814958473935,1.5201893344354855,1.0462584280492402,0.6449779079545169,-1.5915957377855172,-1.021735988018203,1.3132485654462736,-0.6405333164025359,0.1666296221348422,0.077295319703823,-0.1104800506205559,-0.1843863899176111,-0.1913676942617972,1.0179760509565066,-0.3581109884531473,0.1741472429544428,0
Liberia,LBR,-2.471222745159773,-1.5929751631644735,1.611324660324409,-0.8441172241833025,-1.3311796288967164,-0.7402697470928079,-0.340165977847585,-0.3506903702139007,-0.3990633523949582,-0.7776309409491777,-0.0943928533807105,-1.295873816654979,-0.8985495904077028,1.975782019351892,-0.4085978415088903,1.5335298179383523,-0.1901317001081718,-0.1368598913789175,-0.1123080055890868,-3.177607282627861,-0.2934560142512442,0.7656424291633869,-0.1648412789410272,1.8060740810216065,3
Libya,LBY,-0.1878256511501752,-0.2578068833060054,-1.3530217094414894,-0.093695721498885,-0.9046742307486711,0.424127837016625,-0.5152165833673549,0.4943235478946141,-0.2865846210273653,7.337966616930902,-0.0074906624098727,0.1409426255720095,-0.4563408638864299,-1.0871990249607684,1.2950353958067864,-0.5875901675796228,0.3398899087396878,0.4216259734656377,-0.1105450475832883,0.3628153824621438,-0.7081897466660322,0.0825387433279193,0.1927067368305585,1.2311949776566202,0
Sri Lanka,LKA,0.4063412174877235,-0.2578068833060054,-0.5526974326251707,-0.3636729901639901,-1.1553972421296272,-0.5255809092999915,-0.2343688113421983,-0.3677662337723158,-0.3603176403455959,0.2726260293130996,-0.1186881643985045,0.4321848459193849,-1.3569110399618638,0.7009755104703573,-1.8332101297018484,0.1157420205895333,-0.3534227584761978,0.2704549218568833,-0.1104136800921977,0.7777708111638209,1.7674519455357165,0.4844706791653392,0.8981421233756333,-0.5676376834397224,1
Lesotho,LSO,-1.835602374058766,-1.1479190698783177,-0.195643802818078,-0.7810422700626914,-0.7582464665261847,-0.7390188663887529,0.927936034572342,-0.3842019429694217,-0.3962397557505239,0.0245235052653394,-0.0254494278299293,-0.5637611299814107,0.4910773659374808,0.321978980802874,-1.201011901913156,-0.1396901755437529,-0.6048283404472021,0.1801789399240494,-0.1136692870564338,0.1142962867922691,-0.8070885647687879,0.4538261674243656,0.518852673213545,-1.1180890518480016,3
Lithuania,LTU,0.658516690804971,0.1872492099801507,-0.2876197495332288,0.315086206922378,0.9731064385794844,-0.0071049360481021,-0.3601922438863034,-0.3677967173133306,-0.2834978923316905,-0.5540645716193918,-0.0446226108302223,0.4775222204700993,0.2652028210788017,-0.2120615837285797,0.3546204481689202,-0.9880972028781838,0.6478801670940741,0.7029644658083007,-0.1105547174649588,-0.8638244134300915,-1.799258734095587,1.0792570733919786,-0.1648412789410272,0.3595934745529841,0
Luxembourg,LUX,0.658516690804971,1.0773613965524629,-0.0553429258415185,4.000398657713938,1.7514079937570588,4.548232451402617,-0.1503156940897626,-0.3983186371061931,-0.3312889397294583,-0.8335408530830739,0.0375123821895444,0.8063120773825073,0.6385232493868905,-0.932154990096798,1.4051828340624488,-1.1977417106849149,1.060149670894536,0.5643934468724097,-0.109697431473666,1.0969698826126373,0.5296310656636719,-1.0475548817214593,-2.891103801318993,-2.299983655917496,2
Latvia,LVA,0.658516690804971,0.6323053032663069,-0.2726799178980096,0.0949097840071381,1.1006298258832472,-0.260689343752673,-0.2584197889493419,-0.3680116262774843,-0.3467031766571775,-0.5030722875898594,-0.0321374237875633,0.3498705496615015,-0.2756412279994831,0.2186162908935604,0.3869451404135356,-1.0553455057118823,0.4339311566250763,0.5895881775880263,-0.110499408691327,-0.1205465756278478,-0.3955443342406912,0.5313326374983471,0.0284284305710928,-0.2060175318225668,0
Morocco,MAR,0.5652463102629752,-0.2578068833060054,-1.0581478258256738,-0.5727607608605126,0.4426891301085526,-0.5330158602479704,-0.3979701147609014,-0.1728798754750098,-0.3159435086268682,0.8056582943141603,-0.2522845373441029,0.3736595601029181,-0.3674682845274731,-0.7840018012267816,0.0459175273495861,0.0361986119566062,0.0793245591933798,-0.6029642255613007,-0.1107828755854611,0.2830134898407731,-1.5599909263319138,0.5529607689626115,-0.1165276029659749,0.1277851338315345,0
Moldova,MDA,0.6516077737277861,-0.2578068833060054,1.016986442031676,-0.5071993391637198,0.7958217858351129,-0.5931288743014427,0.0748153305068605,-0.3829216342468032,-0.3909131278922603,-0.8733752612643441,-0.2352687723946596,1.0954850613962224,-0.2914077185069474,-0.3292059656258018,-0.8859549092752635,0.8349685968386433,0.5352470608270199,0.2704549218568833,-0.1109114590548839,-0.3394259389070362,-0.8358002141951812,0.9675093265978828,-0.2518126482214813,-2.2991491478753026,1
Madagascar,MDG,-2.0014163839112027,-2.0380312564506298,2.411231623407899,-0.8403831912718749,-1.3902342224864457,-0.7755991625994272,0.2272270357073457,-0.1040378786834226,-0.3914719966485686,-0.731058831001128,-0.0102953058759773,-1.2129048196755812,-0.0518359532537487,1.6656939496239511,-1.368779387346529,1.8452996882580333,-0.6724600738355094,-0.3594133460335304,-0.1118046957490374,-0.7680646919954467,-0.2424118542565207,0.4844706791653392,0.2023711691320009,-0.5212761255400871,3
Maldives,MDV,0.658516690804971,-1.1479190698783177,-0.3911970180209805,-0.1303991091523203,0.1838642429052864,-0.5172900175947379,-0.0228135298092599,-0.3994741970177989,-0.3986458010961942,-0.3126333512874931,0.025274254310773,1.2669268052079865,-1.3476595335493518,-1.1250986779275165,-0.9506828594124273,-0.6351206919785677,0.1477711299607907,0.7239601289924936,9.528357534298944,0.7184903274444319,0.0064284769635444,0.4565381384431933,0.2651859891489715,0.1416931791150949,1
Mexico,MEX,0.6308810224962317,1.9674735831247752,0.1239350537811173,-0.0325422418939983,0.0148403262934664,-0.0562825431943201,0.0004749467090671,0.5880147112033713,1.022802251123047,-0.764079746757782,-0.7977320161969015,0.2404174235399929,1.440628855351714,-0.8287923001874843,0.7973893545743429,-0.4189938393564466,-2.6499094015284643,0.1738751207803532,-0.1104772851818743,0.3719319917503259,-0.7273313742063938,-2.364628244500776,-2.891103801318993,-0.1782005970827856,0
North Macedonia,MKD,0.6516077737277861,1.5224174898386191,-1.4081905849212668,-0.2764957644248702,0.8323769246156556,-0.525952278390999,-0.2798133077572432,-0.3868133663163498,-0.3813605907242812,-0.4409335490305717,-0.0785323510004318,0.7511091608568957,1.0808608997351372,-0.4360140785320926,-0.0216826456676176,-0.5465675832441595,0.1510011049973084,0.2200654604256502,-0.1105381248328693,-0.2391062307374082,-0.0954684786717105,0.736804300958459,-0.0778699096605732,0.5450397061515254,0
Mali,MLI,-1.61451702758885,-0.2578068833060054,1.126573028272142,-0.808388620902019,-1.2762692173132837,-0.6611684452356487,-0.2438234710572427,0.220301917123082,-0.3920089013915779,-0.2122303501291464,-0.1757414327238772,-1.9972799076131875,-1.02550886382794,1.7483841015514017,-1.533439538700673,1.6889565029190254,-0.511324673003695,0.4300215497224547,-0.1122748203249077,-0.2071863235925266,-0.3253586142479464,0.0050367977584117,0.5937423308940442,-0.5769099950196495,3
Malta,MLT,0.658516690804971,0.6323053032663069,-0.3396170406435188,0.6301254219087314,1.0069713125409394,-0.0378412633642858,-0.2007731813636052,-0.3994640358374607,-0.3890456372103097,-0.7745124861191967,0.0304659764589467,0.6056384069994145,-0.6042349111153222,-1.0113997190272717,1.583447724181802,-1.0087975014857686,0.8235662562953167,0.8415354847441917,-0.1097223204218003,0.941930333623212,2.437406545466462,-2.364484053859752,0.0332601733088958,0.9622937272482434,2
Myanmar,MMR,-0.9996234077193972,-2.0380312564506298,0.6902297892278506,-0.7061835018560891,-1.2624552772922946,-0.7069992344381384,-0.0434807790702825,-0.0678234319579293,-0.3582772576152911,1.0171145330844986,-0.2621529850734733,0.6032130210584217,-1.3731335241082805,1.3142608039322847,-1.33732309086222,1.0089827380342329,-0.0742651075368001,0.1402821464928644,-0.1113815836307542,-3.1763304863420663,4.389845665264635,-0.232877759932244,0.5502566462538171,-1.2630610519342524,1
Montenegro,MNE,0.5790641444173452,-0.2578068833060054,-1.1485379803560811,-0.2418883986044313,0.6883113441367582,-0.4578202640742103,-0.3096997173322038,-0.392793220945405,-0.3975941943100408,-0.2358382876140445,-0.0166805673651855,0.5535385637255769,-0.3389883482962736,0.4184508247182333,0.2451624729722849,-0.8111568220694841,0.1935753413374868,0.5140039854411766,-0.1103583713185659,-0.886624347105007,0.4977284656669697,0.4015610605761713,-0.2614761336970873,1.1106507125270764,0
Mongolia,MNG,0.1748924954020303,1.0773613965524629,0.0589175742066137,-0.4019323047349002,-0.8293053739941536,-0.481632020488714,0.296024545377838,0.3915497734038572,-0.3784538943625663,-0.5670449332995039,0.0086447367865625,0.5409431749192612,-0.5529988898394618,-1.0527447949909972,0.3926036733791179,0.289240940211723,-0.0532474465587374,0.849933728316064,-0.1113318057344855,0.2488123499057824,0.8103739456346511,0.9098330701880268,-0.4209236440445864,-2.299983655917496,1
Mozambique,MOZ,-1.939236130216539,-0.2578068833060054,1.7487878039177416,-0.8559137859032664,-1.310804067365757,-0.7379787684264605,-0.3144580672628053,-9.916500354867928e-05,-0.3822269223895323,-0.5093339805635839,-0.1881187488639937,-1.6972808658581613,-0.1104237215117911,1.63123971965418,-1.2345133824412815,1.7901917464869137,-0.1454023686938875,-0.0024880423037894,-0.1127739871393559,0.2328484106480045,0.2010347181112,0.1185848216157494,-0.0198912227114839,0.8417536730448304,3
Mauritania,MRT,-1.4556119348135983,-0.2578068833060054,-1.48372437056302,-0.730026373249823,-1.1105019370614122,-0.530859817337453,-1.558091058787901,0.1240298140084114,-0.3919418456632096,0.1560763040388972,-0.0118890114683791,-1.6050229260686164,0.3586769807992284,-0.0983626248283347,-0.3973439079792507,0.6666159018483945,-0.2375561659048262,0.4720127675818157,-0.1114534850364755,-1.0462238828294153,-0.4593495342340955,-0.243692058009092,0.6952089283879072,-0.790173161357972,3
Mauritius,MUS,0.6412443981120088,0.6323053032663069,-0.0484989806231496,-0.0104518220426436,0.0292620796753792,-0.438939785794574,-0.206352750087734,-0.3986120208660991,-0.3899323649991714,-0.9502460438905196,-0.014363082813789,1.2495590915164425,-0.2012772172163019,-0.8012289162116673,-0.8787918840888778,-0.7364137429948653,0.3902790915167921,0.1864724861381614,-0.1107234092245358,0.5771313948245649,0.9954090256155236,0.8016900894195469,0.6855454429123011,-0.2431067781422751,1
Malawi,MWI,-2.384861281694963,-0.7028629765921616,0.7636770062054663,-0.8400701587003168,-1.3166749918746776,-0.7350246637753025,1.5932178357125493,-0.3517268106084014,-0.3940814606297985,-0.7178764587908287,-0.0374196183056113,-1.7505890468241836,-0.3935979347590126,1.6863664876058135,-1.9616431820409663,0.9093392509574568,-0.1944430151805949,-0.9598877614223916,-0.1121116594426939,0.4038518988952075,0.1340388257045649,0.6034279580106671,0.260352081985637,0.1370579966347345,3
Malaysia,MYS,0.6481533151891938,-1.5929751631644735,0.5854840422881821,0.2232943457274532,0.6806618748501354,-0.1499180409440164,-0.1819034839313006,-0.2327038247164077,0.4406834742635029,-0.245116406803803,0.5545063007168627,0.6861354187153743,-0.9515012775405848,-1.0630810639819286,0.6173581921608027,-0.527473326779069,0.5600371224934528,0.5140039854411766,-0.1104689888658295,0.5041716070648354,1.4165233455719926,0.679128044548603,0.5405931607782111,0.1185133734748804,2
Namibia,NAM,-1.1239839151087248,-1.1479190698783177,-0.5438503814892304,-0.4268793359381626,-1.0055159929018933,-0.1296613382837776,0.3714411132313793,0.0186532933106763,-0.3786405043643095,1.3071118087749964,0.0372235665472532,-0.49848762260757,-0.1104237215117911,-0.1259260088041517,-0.6519375891406031,-0.2609680436362015,-0.1885149569560131,0.0940918068475674,-0.1120535852303805,0.6911310631991422,-1.301578174147033,-2.364051481936677,0.5985740736318471,-0.085477481283515,3
Niger,NER,-2.2535918572284506,-0.2578068833060054,1.4275396923872377,-0.8561237965404331,-1.4748901911170744,-0.7205192246534563,-0.457561771621557,0.243931741999663,-0.3956365096782111,-0.3081164323665166,0.0120200521241821,-2.158210478950352,-0.6937090249657942,1.5244316067478887,-1.940056645853519,1.9987506614168693,-0.4003083098887994,0.0521005889882065,-0.1121365483908282,-0.0430268011331353,-0.3955443342406912,-0.186015801599236,0.1443902562783648,-0.4007360750010352,3
Nigeria,NGA,-0.9236253198703634,-0.2578068833060054,1.7976969734051085,-0.5653524562063207,-0.7927813165786579,-0.6027804296340382,0.0287065861317842,0.0630982961101453,-0.0358694545457726,-0.8076617061897888,-0.0689422797937517,-1.5387647715182653,-1.2782732354555089,1.5864492206934773,-0.1965844577407738,1.172933220851365,-0.1483628685904992,-0.0150828793497534,-0.1122582148311824,-0.2527858488217289,0.3190738422635286,0.8954117175851605,0.6855389208391939,-0.1457479724872472,3
Nicaragua,NIC,0.0332596953197407,-1.1479190698783177,0.4972639191684771,-0.6739407665833866,-0.910199806757067,-0.6545719815177244,0.3865857050279254,-0.3384867926276725,-0.3813415801577527,-0.6614698520950048,-0.0904955820630466,-0.085267996852682,1.8821972228297916,0.6596304345066317,-0.0749224004837808,0.1284829431478265,0.7281784103179549,0.4132250625787104,-0.1105547174649588,0.5452114876796833,0.5551531456610337,0.1528322048086675,0.8836468951622243,0.7953921188095562,3
Netherlands,NLD,0.658516690804971,1.5224174898386191,0.4318291258611465,1.4099581250640865,1.6476825716244556,1.548281584267977,-0.3856279667394437,-0.3825101064431045,1.9766720678540344,-0.411383817571835,0.1258064557738335,0.3315393562208339,1.552687726773273,-0.9735000660605232,1.3771768040910457,-0.9485739198039126,1.2918828560372793,0.7071635875942368,-0.109730616737845,-3.176148086872667,1.990770145512632,-0.7195211733904036,0.8546564387354062,-0.2523790897222022,2
Norway,NOR,0.658516690804971,0.1872492099801507,0.6810488871056487,2.1832501893274907,1.8077101597976064,4.434884359978253,-0.3938546280169893,-0.2141302031761357,0.1075358411504632,-0.2412414996675517,0.1325257690902701,0.3392916938917136,1.6392358429755318,0.7561022784219911,0.961358155312669,-1.2035225401892125,1.358169325275785,0.8415354847441917,-0.1097389130538898,1.1790496438423328,1.0209311056128856,-0.9069690067224352,0.9802817499182844,-0.502731502380233,2
Nepal,NPL,0.1368934514775137,-0.2578068833060054,-1.6710147738559409,-0.7749816974063308,-0.9847950828704094,-0.7813054637681289,0.3522980096780818,-0.3267963546485254,-0.3959342626657031,-0.2566621766913805,-1.0807713456422423,-0.3440978212488788,0.7400312193998112,1.727711563569539,0.2379894881458256,1.6357519481223193,0.0275897110491962,0.1906716079240975,-0.1112405462579931,0.0664128805064588,0.6125778256550977,0.664708980446139,-0.5175584988006464,0.3595934745529841,5
New Zealand,NZL,0.658516690804971,0.1872492099801507,0.7115127896020459,0.83072922174787,1.3829142367271583,0.9984163983848268,-0.3756935085999714,-0.2658495949797519,-0.2521031054163446,-0.4921998666024971,0.2002130205824114,0.2863449438078365,0.7640350344719351,-0.1672710847678771,1.182049718563165,-0.8704388669491704,1.283799140276486,0.8457346065301278,-0.1098937776200588,1.0696099622027386,2.0928584655020788,-1.3827981221037469,1.0044404636072992,-0.4563699444805976,2
Oman,OMN,0.658516690804971,-0.2578068833060054,0.8514798155923443,1.1527339277169868,0.9070240030040768,0.4121877139864522,-0.2500391252825144,-0.2423823489885828,-0.2111737450938955,3.758958077652618,0.2613967005632011,1.6814906216544314,-1.7627382810750174,-1.1664437538912422,0.7935633173875346,-1.28241892506795,1.0396675462961942,0.3009022273628121,-0.1109363316421901,0.9966483102639416,-0.0955960890565677,0.4565368378989536,0.2651794578520374,0.4337763964671585,2
Pakistan,PAK,0.3165252954843199,1.0773613965524629,-0.5016182317271011,-0.7091401652763631,-1.172664667155864,-0.7312685779017016,0.2730873191359844,-0.0079740797656859,-0.3104952210227646,0.6424311497447881,-7.092883025010326,-0.8680942824133165,-0.0329717801923296,0.4597959006819588,-1.064921254953294,0.8342778571027664,0.2760292420975792,-0.7919228899849479,-0.1118765971547587,-0.7042248777056834,0.7593297856399276,0.0735273522451156,-0.5996981253432975,0.4337719671924006,3
Panama,PAN,0.340706505254467,0.6323053032663069,0.5622813987429808,0.2265383848858886,0.0334235291067022,0.1597786923098627,0.0317284481955525,-0.3619692803893489,-0.3963716728101689,-0.3126333512874931,0.023203828923264,0.1962540593885319,-0.1607886451020425,-0.4842500004897722,0.2780637966037916,-0.2089707636567672,0.9200319310407844,0.5559952033005375,-0.1101343707853571,0.8963304662733812,-0.1084209342703716,0.686337576599835,0.9657865217048752,0.0536071924153909,2
Peru,PER,0.4132501345649084,1.9674735831247752,1.5453890905376846,-0.3731337635554552,-0.1281684877738253,-0.3233853299646529,-0.185263957809538,0.2506889269245937,-0.2622233867127312,-0.1654303717166012,-0.1768375402819701,0.0973410503651127,0.1054496707620825,-0.1810527767557856,0.9335384111475856,0.559682176250609,0.5077624272403224,0.3292426268599885,-0.1100790620117254,0.1120127478562897,-0.9825521741800112,0.7980853233939309,0.6952089283879072,0.6563074451106502,3
Philippines,PHL,0.3061619198685427,0.6323053032663069,0.3219086886344188,-0.5983428115399869,-0.3196538708597739,-0.5129647246959746,-0.1257203101045739,-0.2481386576501967,-0.1785637751715478,-0.4678788473739575,-0.6853653328129705,-0.1597516390129642,0.5502597966645787,-0.0501267028706551,-0.4077222466521309,-0.0352198352572881,0.2097427728590735,0.304047896144372,-0.1110054839700579,0.932810360153246,-0.2041287342604781,0.4700516150628752,0.9078056088512392,0.7953921188095562,3
Poland,POL,0.658516690804971,0.1872492099801507,-0.3440405662114886,0.2770767556967261,0.7819629505090551,-0.1566586369643816,-0.3723691753905929,-0.2440640243345618,0.3885915762508817,-0.0001156831782819,0.017705892600131,0.9336365881152032,0.2859352672252454,-0.766774686241896,0.0518206234487108,-0.5817398571459301,-2.6504105919056338,0.7701504143832781,-0.1101786178042626,0.8096907183087025,-0.5231547342274999,0.8701806439062508,0.395640878644121,-0.233834466562348,0
Portugal,PRT,0.658516690804971,1.0773613965524629,-0.4554633328763949,0.4312014493190554,0.7126756808487781,0.0383879775893812,-0.3491332568266274,-0.353085563643231,-0.1755119248032414,-0.3253733157884877,-0.0935472846930387,0.2672775381724116,0.9013615633619424,-0.1155897398132203,0.0836196185127797,-0.9079268366420286,0.1095046974252357,0.5098048636552405,-0.1098412342851086,0.682011089729176,-0.096489361871605,1.0251855830077383,0.308669509363667,1.017927596727806,0
Paraguay,PRY,0.6239721054190467,1.5224174898386191,0.7059207855821598,-0.3223306530450163,-0.0327590575338576,-0.2614151191133048,-0.144529844896776,-0.1977747673037019,-0.3645563642165591,-0.4984403410162061,-0.0606362202979805,0.0851470089015398,-0.5410438182084312,0.9869456192194582,0.06427027271492,0.0031008079215703,0.1051933823528126,0.9171196768910412,-0.1104966432526454,0.280732257050664,-0.1658456142644355,0.3799324644224753,1.3378307125157065,-0.2987406476218375,1
West Bank and Gaza,PSE,0.6550622322663788,0.1872492099801507,-1.886515585487992,-0.6593019136432086,0.3353064673553921,-0.5503886167468597,-0.0663149548945112,-0.3965680994410618,-0.3957804810729929,-0.3126333512874931,-0.0957394998092247,-0.991335742700802,-0.1104237215117911,-0.7943380702177131,1.1611193064796534,-0.4267623115521026,-0.1087556281161852,0.1444812682788005,8.439045771276348,-0.1843863899176111,-1.1229236141655008,0.5313326374983471,-0.4547458432092074,-2.2980364704857115,0
Qatar,QAT,0.658516690804971,-0.2578068833060054,2.54543971988518,6.010114829001868,1.6415802636201833,1.7631233260399768,-0.5609003994172859,-0.3937890166185527,0.0519781689556657,-0.3126333512874931,0.676021132577703,2.9932858038023205,-1.8680567692531715,-1.1664437538912422,1.785800652907563,-1.4035560449479625,0.8052439244306356,0.4888094893971404,-0.1105630282344513,0.9464923839937376,0.2201759157748467,-1.7036226085290451,0.3569838217558972,0.6841243643344599,2
Romania,ROU,0.6032453541874923,0.1872492099801507,-0.7507545302250374,-0.0074984822869364,0.3495728139120688,-0.3314615843327066,-0.2541770181317082,-0.2827323961117405,-0.1495587768007234,-0.3032146338746191,-0.1248681232022287,0.5818512639336534,-0.6725496061498031,-0.3292059656258018,-0.24601179380846,-0.5809315095662034,0.4328533278569705,0.0521005889882065,-0.1104136800921977,0.2579323233757486,-0.7656144942024364,1.0864666054432106,-0.1648412789410272,0.767575184069775,0
Russian Federation,RUS,0.658516690804971,0.6323053032663069,0.2909440096586282,0.287732676432712,0.917301574379693,-0.3165545107917925,0.2999807129657744,7.920789857574114,1.384859126260786,1.1920098495440374,0.9195518740402262,0.9813591468861286,-0.6688302505312541,-1.0527447949909972,0.6713338318142793,-1.1863649860682066,0.5999167869133668,0.8037433886707669,-0.1109474097577446,0.2123324560259177,-1.8056392540949275,0.7656424291633869,0.0864093434247288,-0.9014409003170968,4
Rwanda,RWA,-2.111959057146161,-1.5929751631644735,-0.2126702031174345,-0.8320478439914578,-1.15194375712438,-0.7495846885634594,0.0353986716665937,-0.3870927987756515,-0.3969565738966786,-0.4356465719105282,-0.0693911619365898,-1.099706882155099,3.7717482726869744,1.865528483448624,-1.883394356074858,0.2228318499714815,-0.7155732245597408,0.031104980058526,-0.1114949666166993,0.8963304662733812,-0.2360313342571803,-2.085727497098866,0.7193676420769222,-1.059070197175857,3
Saudi Arabia,SAU,0.658516690804971,-0.2578068833060054,-0.0918161460906299,2.008157383504366,0.7168647581601433,1.5033456830619965,-0.5813872426045844,0.6925427733428633,1.189208756118686,4.664447256731997,1.6309639560144351,1.25883232229734,-0.1104237215117911,-1.1664437538912422,1.0591982323694098,-1.3243989883973026,0.7297951534701136,0.3250435050740525,-0.1108450885265257,0.2944122172556133,-0.567818374222883,-0.5464913576720026,0.308669509363667,0.6006735756310878,2
Sudan,SDN,-1.24488996395946,-0.7028629765921616,-1.4527596915872292,-0.7115848167006229,0.0292620796753792,-0.6555275439398924,2.8498520949631554,0.5494276288688986,-0.3844627132688122,-0.3126333512874931,0.3203672871886029,-1.4344418724971342,0.2811544132298385,1.0282906951831838,-1.150435454271315,0.1005872939400393,-0.4229427140190208,0.2956496525724998,-0.1114451887204307,-3.178519279974858,-0.5869599342209042,0.4952849772421872,-0.6673425236725395,0.5079504598318172,3
Senegal,SEN,-0.6887221392460781,0.6323053032663069,-1.0667444887219175,-0.7771919538627974,-0.9067463217518196,-0.628092702621267,-0.5640761522947364,-0.3018100121967892,-0.3908064391253754,-0.3758299775160676,0.1238543404084679,-1.357289755160361,1.9655362004316308,0.297861019824034,-0.6167480270292808,1.1024722172797192,-0.2849806317014806,0.4846101329396239,-0.1115502753903311,-0.0247868541932029,-0.4019248542400316,-2.3643759108789824,0.468117019711166,-0.8458070308375344,3
Singapore,SGP,0.658516690804971,-1.5929751631644735,0.8276094700746189,3.033102689780914,1.2112484040863245,2.534170885050678,-0.4442825947137355,-0.3992664008798819,1.0596261530332265,0.616088424016237,0.1382046501531518,2.1431916087051324,0.36597176785919,-1.1457712159093794,1.8353112625555172,-1.0585827134747663,1.1523040305675805,0.3418399922177968,-0.1094596037470492,0.6272912489093789,0.8550375856300342,-1.8874653656899865,0.8449929532598003,-2.2998909328016968,2
Sierra Leone,SLE,-2.1465036425320854,-0.2578068833060054,-0.1495723667139371,-0.7814713022003354,-1.3088252204577504,-0.5521854511629479,1.120758676142615,-0.3629549148821584,-0.3975515884817734,-0.6278283305333712,0.0001681716706435,-1.25399764478754,-0.7978850345396701,1.348715033902056,-0.8545190129350771,1.8702874241544536,-2.6510842348857,0.5391987161567932,-0.1127366485847332,-0.0749467082780169,0.121277785705884,0.4664468490372592,0.1105680571137438,0.7953921188095562,3
El Salvador,SLV,0.4892482224139416,2.4125296764109314,0.0711865979517387,-0.5603351419955546,-0.6628715711362692,-0.5492213515980477,-0.3233462394113373,-0.3890996318924542,-0.3801526798959713,-0.4721353711669208,-0.1724635491691991,0.0452330394655983,0.554268458844372,-0.3395422346167332,0.4341879916745929,-0.0673210570922963,0.5029121977838464,0.2410610693553306,-0.1107510636113517,0.3673720050153428,-1.3590028541410968,0.4484230189091792,0.9754500071804812,-2.298500086064708,1
"Somalia, Fed. Rep.",SOM,-1.0203501589509518,-0.2578068833060054,-2.358080103582913,-0.8576910702010232,-1.461721362095065,-0.3773723948160797,0.4369721801417981,-0.0809008710532463,-0.3966954875781146,-0.5262097271432744,0.0195849341282904,-1.918028796333353,-0.6455963537452911,2.0929264012491138,-0.7632720347870866,0.3746663296551139,0.3256093654304451,-0.5441747046147185,-0.1129661799953051,0.8051307315737194,0.0574725857124797,-0.7231259394160195,0.434294820546545,-0.3821914518411811,5
Serbia,SRB,0.6481533151891938,-0.7028629765921616,-1.2013698989320252,-0.2410086357445854,0.6257411028116872,-0.4100135357251783,-0.1395023862023618,-0.3551917731037418,-0.3460649455931368,-0.0206539474389672,-0.0670980353309286,0.5454742366299282,1.1398392531149064,-0.3671056185925502,0.0267550609391572,-0.3426344065874397,0.1019598960484952,0.1780742425662893,-0.1103943220214266,-0.7543847317904974,0.3382154656834588,0.9206473682648748,-0.6093616108189035,0.7212136261701396,0
South Sudan,SSD,-2.647400130627988,-0.7028629765921616,0.6974910481790471,-0.8462633275967351,-1.428222557544166,0.942714258721827,-2.980347778869184,-0.0785688801656199,-0.3845122420225349,3.604376969943584,-1.6422811498542698,-1.2021735254797887,0.4768657145206629,-0.1534893927799687,-1.8363415544699695,1.7306889534462762,-0.5883894299232584,-0.8213167424865006,-0.1122444004994102,-0.5947851960660893,-0.1658457201436227,0.3078371439101554,-0.1020286233495882,1.6669894073227003,3
Suriname,SUR,0.4719759297209794,-1.5929751631644735,-0.4078895673340753,-0.1362258423400591,-0.1338563775774678,-0.187263264942936,-0.2666960351274988,-0.3180792761793645,-0.3922869457328832,-0.3126333512874931,-0.0048565245639159,0.2043831576785502,-0.8272622978455357,-0.7254296102781707,0.3128541818247224,-0.7027018396061886,0.7249432726456266,0.2368561637594061,-0.1108672082022514,0.8552944618733821,-0.6443843331111557,0.3402777688818841,-2.891248753892523,-2.2992418698076107,5
Slovak Republic,SVK,0.658516690804971,0.1872492099801507,-0.265919435426206,0.4472233712307467,1.2442326393714418,-0.1370330106223122,-0.4313621759903275,-0.3751991371897396,-0.0899234224838041,-0.5008187595577119,-0.005548986164108,1.0687343505619826,-0.2166628746197139,-0.7461021482600334,-0.238069620701904,-0.9372769921190596,0.6548860540867617,0.7701504143832781,-0.1102394574552576,-0.2847060980872391,-0.905985934187926,0.9278569003161068,0.0960728289003348,0.1741472429544428,0
Slovenia,SVN,0.658516690804971,-0.2578068833060054,-0.3185844285090194,0.5154951449047286,0.9542089686307708,0.3071358013882354,-0.3580468802749055,-0.3893943061222632,-0.2702663551501006,-0.5002639974173441,-0.0017630654555202,0.610461972846474,1.2774554110010317,-0.3774418875834816,-0.3741750331865074,-0.7854693326440338,0.4064465230383788,0.7029644658083007,-0.109899308497422,0.8689705458634827,0.2169855856959905,0.9098330701880268,-0.0247207395447401,0.3966827208726924,2
Sweden,SWE,0.658516690804971,-0.2578068833060054,0.2286808007207859,1.274249326838474,1.6772754846344198,2.069409758878729,-0.2428008137707768,-0.1926740071916097,0.1860355512556597,-0.418363783804761,0.26869364516422,-0.0184421435736887,2.0863657782726994,0.5080318226396385,1.215799190798163,-1.1160018087164665,1.247691876544942,0.807942510456703,-0.1096891351576212,1.1288897897575187,1.1676830655977155,-2.36599805559051,0.9367960652780573,-0.372919140261254,2
Eswatini,SWZ,-0.5505437977023807,-1.1479190698783177,-1.4182061145091234,-0.520132707571878,-0.6546419163687648,-0.3294909476194138,0.131829445887859,-0.3908879996319847,-0.3919459594592498,-0.0462690941046763,-0.0457952719320551,-0.5647485714085815,-1.3236411995937911,1.186780153044131,-1.634357485093923,-0.1243287626007047,-0.2844384304711551,0.1612733504596911,-0.1127394157225766,-0.4579876062981731,-1.2377720304793427,0.2429499367127469,0.6758810275011773,0.025789516470953,3
Syrian Arab Republic,SYR,0.3199797540229126,-0.2578068833060054,-1.9967698737009807,-0.328418516427207,-0.5479292297066224,-0.7620714144056994,3.1403292622649737,-0.3063317374473067,-0.3952832623509783,-0.3126333512874931,-5.073814626231201,-1.0215008403647723,-0.8064464084173792,-1.0734173329728598,0.7534788258331238,0.0124743595566687,-0.477372223454461,-0.6407555319274536,-0.1107980852337524,-1.050779142351527,0.6636211900893851,0.1023679499355893,-0.5320543460577941,2.2975095372625423,0
Chad,TCD,-2.505767330545698,0.1872492099801507,0.4505247810918121,-0.8107993798521483,-1.4178621025284242,-0.448827814776242,-0.4684895942355046,0.2401212993728224,-0.388499605087695,0.1348521572396158,0.0710045575757185,-1.9910860274009177,-0.5504552575775423,1.3314879189171702,-1.6567784216846428,2.002201650850593,-2.651644705845115,-0.0318818467305153,-0.1126260310374696,-0.5947851960660893,-0.5486768142248616,0.8088996214707789,-0.3629427311909503,0.7490305609099208,3
Togo,TGO,-1.2172542956507204,0.1872492099801507,0.070185044992953,-0.8261912205846574,-1.321164522381499,-0.7537423422146381,-0.3725988558985496,-0.3719932847930243,-0.3957253267902341,-0.0487457837117336,-0.0083953861086161,-1.1080340341396229,-0.3125837130835108,1.6381305656481342,-0.9015467216516282,1.6459361480084875,-1.1235314132877794,-1.2454280428660458,-0.1121227211974202,-0.1570264695077126,-0.7656144942024364,0.4988897432678031,-0.3001300755995113,1.8060740810216065,3
Thailand,THA,0.6412443981120088,-0.2578068833060054,1.1113828083972257,-0.1936948838559508,-0.3132269352650088,-0.4568883282377495,-0.2803412338919698,-0.1400643435726584,0.4026925674413859,-0.2857432641529815,0.1911101082904393,1.1650633260932053,-1.3291682612146978,-0.3257605426288247,-0.5846631572501272,0.4751751942002653,1.1108076229955075,0.807942510456703,-0.1101786178042626,-3.176193686740017,3.4200066253648886,-2.363582862353347,0.8160024968329822,-0.7345392918784096,2
Tajikistan,TJK,0.627426563957639,-0.2578068833060054,-1.537390916604619,-0.7632979166483377,-0.9139986402628392,-0.6485284149577171,0.0386883559992621,-0.3291151360017122,-0.3955406369119495,-0.4217795188711161,-0.0501031486206871,-0.3927154071794156,-0.3686071070557231,0.4150054017212561,-1.4749439257827854,-0.2541829137468552,-0.0149845252909821,-3.106436827175062,-0.1110801508144609,0.7093710101390746,-0.1211819742690524,0.1492274387830515,-0.0585429387093612,-0.4841868792203788,4
Turkmenistan,TKM,0.658516690804971,1.0773613965524629,-1.1729091023531988,-0.328418516427207,-1.0966879970404229,-0.3773723948160797,-0.3544365881077754,-0.1608744409053773,-0.3578993150767879,-0.3126333512874931,0.028740042018267,0.4799807822261822,0.4674860245855712,-1.1629983308942649,-0.553942334755384,-0.2173833025627113,0.465188190900144,0.7071635875942368,-0.1110690890597345,0.4904916468598862,0.1021362257078627,0.4565295434016262,0.0719141152113198,-0.8736239655773156,1
Trinidad and Tobago,TTO,0.658516690804971,-1.1479190698783177,0.5210508019396372,0.5833309423666344,0.6369614755937357,0.4644838508301351,-0.5120233909055192,-0.3970202719661135,-0.3459309830662297,-0.6770372104729921,-0.0042997715185354,1.3127561188985497,0.659586947022527,-1.1561074849003108,-0.2415379122163043,-0.7735632263465129,0.6834434929410039,0.5979877960000411,-0.1107510580505883,0.6409722384373314,0.4594447232401798,0.9386762352477314,0.7966756046801406,-0.1781980542506136,2
Tunisia,TUN,0.6516077737277861,-0.2578068833060054,-1.272980935485201,-0.3997560885978796,0.0761155107415696,-0.5784804045206922,0.0289020756694653,-0.3206945658554113,-0.3417356854592888,-0.0549105561421495,-0.0940309639012131,0.7372221930620944,0.9041976292427514,-0.7219841872811936,0.3817100090717253,-0.682447096088927,-0.0861212239859637,-3.106982713007234,-0.110344544125158,-0.4944654878964613,-1.6078431341153738,0.4556325509604112,-0.8461170049712506,0.6748520682705044,4
Turkiye,TUR,0.658516690804971,1.0773613965524629,-0.8817910423328297,0.2179785131483327,0.2445557883875028,-0.0939212921036167,0.3141430302318977,-0.008609153536826,0.1930750099500822,-0.0197221289158957,3.59435357054897,0.6744564694311574,-0.5927036897819475,-0.7702201092388733,1.096171115551066,-0.2874101476559964,-2.6505022073509226,0.5140039854411766,-0.1102173339458049,-0.2208662837974758,-0.2615534142545421,0.3871419964737073,-2.8927949112772247,1.19410151674642,0
Tanzania,TZA,-1.9841440912182409,-1.1479190698783177,2.1788713369696238,-0.8066955607914978,-1.2762692173132837,-0.6783247463737299,0.1618969924619262,0.0504120624578506,-0.3787397474861759,-0.4826757860433032,-0.0748821388466556,-1.5831787184103037,1.3167743132542051,1.751829524548379,-1.290990303403072,1.850035374875532,-0.7764705499577175,0.2032689732819058,-0.111807461187719,-0.1980663501225604,-0.0949580370717633,0.7980853233939309,0.453621791497757,-0.0669328581236609,3
Uganda,UGA,-2.0912323059146063,-1.1479190698783177,1.6116585113106698,-0.8107609161033289,-1.331524977397241,-0.6156809785800186,0.0712750406080722,-0.2977506206516617,-0.3926924703785281,-0.5320337175506319,-0.3226024469756673,-1.9670142788305207,1.2260148782604714,2.017127095315617,-1.5817533876988388,1.4960734781411318,-2.651477642386058,0.3376408704318607,-0.1118876589094851,0.6227312621743958,-0.0573767742756481,0.8701806439062508,0.1733807127051829,1.3795477483449614,3
Ukraine,UKR,0.658516690804971,0.6323053032663069,-0.4179885596684977,-0.4208894877580826,0.0787401593455576,-0.7142019812572656,1.1070220090499248,-0.1053131068158719,-0.2063992682355007,0.5725660115280523,-0.2300596517138178,0.9833363986764208,-0.8359355851072594,-1.0458539489970429,0.440443124443719,-0.7030897864292054,-0.337794241338664,0.5727916904442819,-0.1107787179981676,-0.7498247450555143,0.4211622256748845,0.9747188586491148,-0.2711396191726933,0.0072456345157556,0
Uruguay,URY,0.6481533151891938,1.9674735831247752,0.4577860400430086,0.1095606873164002,0.6045850536695421,0.3056543193889975,0.5619615314606213,-0.3107061255829197,-0.3723124897672696,-0.0905391154184295,-0.0186361624370847,0.0993590143138981,-0.7063619299547484,0.7871110853947852,1.60946892020164,-0.5697448477872696,0.8823079241570818,0.6777697350926841,-0.1102339265778944,0.941930333623212,-0.6252430542169468,-0.4455589554435878,0.9126373515890422,0.0257902576756097,2
United States,USA,0.658516690804971,1.0773613965524629,0.2102355337298161,1.661894131426769,1.0030308861499526,-0.3773723948160797,-0.2617390494886549,4.247802597759055,5.402023580288942,0.957303878059058,5.818630702735769,0.4595265429727373,-0.1597182575633915,-0.8563556841633013,0.961921935357232,-1.2598959591018994,1.2002674107482878,0.6777697350926841,-0.110344544125158,0.7686508376938547,1.2889129455851838,0.1636465028855155,0.9029738661134362,0.3039596050734217,2
Uzbekistan,UZB,0.6516077737277861,1.0773613965524629,-0.2394617447649512,-0.6020258343022752,-0.2920259908177954,-0.6572629683276893,0.926954102851386,-0.1782200838017728,-0.376954711151738,-0.3126333512874931,-0.0724393848600484,0.5313146917221413,0.0782288922791142,-1.1182078319335624,-0.3785293897607432,-0.0755761879504088,0.6063837595220015,0.8877258243894888,-0.1108091378236651,1.1699296703723667,0.2552687056920332,-0.4347446573667398,0.5502566462538171,-1.3186949214138148,1
"Venezuela, RB",VEN,0.658516690804971,1.9674735831247752,0.1533974033187294,-0.328418516427207,0.45047328531038,-0.3773723948160797,9.621400570822535,0.0485068411444303,-0.1562201693810738,-0.4037028309708577,-0.2187819228383279,0.2351169706377012,-0.3667895923136645,-0.7495475712570104,1.3357026229398854,-0.2132075405930074,0.653269310934603,0.6861679786645564,-0.1105491865875956,-3.177698482362561,-1.2951976541476926,0.614242256087515,0.9561230362292692,-0.0391159233838796,0
Viet Nam,VNM,0.6308810224962317,-0.2578068833060054,1.6908646578013034,-0.5699811072375127,-0.1020843155291923,-0.6620787615971567,-0.0638290834816034,-0.2404156525341161,0.1239978938733334,-0.0462213150759465,-0.018549169773744,0.8942991132197017,0.2814555075395151,0.0980264859993612,-1.2322233949552122,0.9525587709702472,0.0868702932950143,0.2158663386397141,-0.110593433606501,0.8849254763635719,-0.216889774259159,0.477260147448531,0.1685489699673799,-0.0669328581236609,1
Kosovo,XKX,0.6291537932269355,-0.2578068833060054,0.0597104702989859,-0.5278403306060031,0.0292620796753792,-0.3773723948160797,-0.2649928778242177,-0.297127486267419,-0.3976232474771957,-0.6218709183373987,-0.1392671488383834,0.4287168631192111,-0.1104237215117911,-0.2861381781635878,-0.9056062243807582,-0.2443549674638569,-2.650814777693673,-0.1452581349507897,-0.1106846922612746,-1.1693435246739583,-0.012713134280265,0.4267944227554832,-0.2276539345324663,-0.3914637634211081,0
"Yemen, Rep.",YEM,-0.5125447537778641,-0.2578068833060054,-2.010040450404892,-0.328418516427207,-0.7392522989973243,-0.1203086512979123,0.2686316058783042,-0.1313866955638,-0.3904990524944155,1.11301183897274,0.0533346077979531,-1.1691851375457156,-1.8386655632499656,-1.1388803699154253,-1.2360734011390937,0.2037526755419431,-0.5150970736920653,-0.430798416394444,-0.1114756085459282,-0.1524664827727295,-1.129304134164841,0.8233186855732428,-0.3484475029775413,0.2575980471737863,5
South Africa,ZAF,0.1714380368634381,-0.2578068833060054,-1.33808187780627,-0.2872658544754533,0.1741944848905938,-0.2909680604454502,0.0962431619508894,0.2166946981030063,-0.0917023012693741,-0.4793596523319275,0.9473860466027204,0.3856528436702762,1.8033457286372765,-0.9045916061209808,0.1735820529617325,-1.0759964405440785,-0.0516307034065787,0.5895881775880263,-0.1122001534805047,0.4403317927750722,-0.8996054141885855,-2.3639433389559086,-2.8912487536011278,-0.0483882349638067,0
Zambia,ZMB,-1.8321479155201736,-1.1479190698783177,-0.091983071583761,-0.7497923415428172,-1.2935366423395205,-0.4569470282573927,0.1033408781672464,-0.0219406221405991,-0.3680185479535147,-0.1484623591311724,0.0561531700901922,-1.512542284808128,-0.9161909393898536,1.7483841015514017,-0.7987941181422704,1.452911695383175,-0.3113874365200723,-0.1452581349507897,-0.112360548924037,0.5224115540047678,-0.1658456142644355,0.5493564676264271,0.1927076836563949,0.7304859377500668,3
Zimbabwe,ZWE,-1.6801517398221066,-1.1479190698783177,0.5778889323507239,-0.7282408647266565,-0.9528607070268872,-0.6192065393505937,-0.4428146226088527,-0.2030839840304332,-0.3881668286807557,-0.0111667197451617,-0.6175284539398832,-1.4927083044232503,0.9170321403469022,1.6174580276662711,-1.1774655174834117,1.2024236397472985,-0.3986915667366407,0.1066891722053757,-0.1126426236695591,-0.2527861909423575,-0.4657300542334359,-2.3639433389559086,0.2990060238880609,-0.085477481283515,3
